product_id,date,units_sold,price,cost_price,discount_applied,current_stock
P007,2023-06-19,4,17.285473182012048,7.699396003802714,0.0005795742874515564,180
P020,2023-06-25,5,61.94544639615966,44.74968064116042,0.2177313140873332,104
P015,2023-12-02,2,94.26163490264828,47.25175443673568,0.19711955475988363,103
P011,2023-08-03,4,88.00222135594555,43.96341009388667,0.21969125766583975,191
P008,2023-01-12,3,98.43210306929842,62.61781723455869,0.10662162202870067,172
P007,2023-11-30,7,57.50506338051466,24.61488241812525,0.24614893339735652,176
P019,2023-04-01,4,80.91378445939901,33.216653219253786,0.013412079425658585,146
P011,2023-07-30,5,85.63602983404064,43.195795361060114,0.22662933018660825,123
P011,2023-03-02,4,68.32284915977756,42.03406290656153,0.08012158240472632,198
P004,2023-01-13,5,40.48749137930565,30.893840796926437,0.14305133245742147,80
P008,2023-04-24,4,52.2980591192015,38.62599040411711,0.24679088146716616,192
P003,2023-10-12,6,87.2125365019211,51.99424651600686,0.0814077105573411,36
P002,2023-04-12,9,36.869313338394754,15.294157961476948,0.05556225349316805,120
P012,2023-03-22,3,93.13688181399837,57.19546099991511,0.20439395560436527,69
P006,2023-03-19,8,30.68257072803986,20.923004628623612,0.16001846745204135,153
P002,2023-07-08,5,77.45647736411026,41.490786920137836,0.15432116062385534,129
P001,2023-12-23,1,66.75033109111645,29.66553734289599,0.07703085466137395,58
P012,2023-06-17,3,77.46394970086861,39.617169446506296,0.010464091746008297,117
P012,2023-07-23,5,49.36128151893353,34.97915866992142,0.12308074149951505,132
P017,2023-11-11,4,93.93769562985861,50.773092735502004,0.03196784414033039,36
P010,2023-07-15,6,66.92249821703297,48.50493123188447,0.27179674519476066,30
P016,2023-03-09,5,35.94662240988306,18.97293575594562,0.012375097041519156,98
P015,2023-04-20,5,67.46095635869293,31.397814266948746,0.1294952562553144,93
P015,2023-04-24,4,35.8134172486328,20.56905456201031,0.015673675110248364,175
P019,2023-05-26,9,36.426915258388675,21.160752236429683,0.028663162369429895,5
P012,2023-06-05,6,45.96386604587811,18.681704818207027,0.19766000007660658,14
P020,2023-10-19,7,86.71873758122071,38.7474954105662,0.19413337829222835,142
P003,2023-05-08,3,55.02680869545928,26.08107894131361,0.009915658463831934,188
P005,2023-06-20,2,71.10107580071866,31.670902505464046,0.0003394425362610587,15
P019,2023-08-17,3,45.27709662470167,24.296162296563967,0.0236454231728352,19
P007,2023-05-18,2,33.72448958261933,26.502361211212783,0.22889966931358263,76
P009,2023-11-02,7,95.91761446446083,57.90441022893265,0.17537294182545213,43
P007,2023-08-03,2,64.32231224107564,41.87526670290051,0.011435473556547482,169
P018,2023-04-18,5,94.05562047244464,51.03030873516706,0.14642910476184817,45
P004,2023-09-18,5,28.307170197848354,14.985677329440758,0.2136088071163354,94
P014,2023-07-12,7,23.22047475216395,9.503181514004199,0.2606854183802419,161
P018,2023-07-15,5,87.02406164115132,52.22605141353763,0.2802109471977031,63
P009,2023-06-25,6,71.28254913555264,42.302172768689644,0.09823216888622,156
P002,2023-07-01,7,26.79206493282772,12.408270398827089,0.04074972852397971,130
P020,2023-10-07,3,34.2423730597184,24.165856245317055,0.07107777621943424,8
P015,2023-02-07,6,82.05975473727801,48.99539577918064,0.2328514476120671,152
P007,2023-05-03,8,50.84817579963425,27.234160315770357,0.2914452645126932,41
P012,2023-01-28,3,70.34864558554818,32.273395343904646,0.13991808520811416,173
P008,2023-10-02,6,38.65168199224098,23.99745067395894,0.09160596406433692,72
P015,2023-04-10,5,44.310695749738905,31.067416779193366,0.12875717458801034,83
P003,2023-11-24,3,99.16413027607945,50.85134032940083,0.09144394339353973,58
P014,2023-07-12,4,32.28553784572467,15.739772465594294,0.07694625696214628,20
P017,2023-10-20,6,55.58107393328626,33.83631190373065,0.17812522572215386,149
P004,2023-12-24,6,85.9962108871479,39.74205851588213,0.00472079411206332,156
P018,2023-11-03,7,31.530089229927217,21.019387516443597,0.07786567459949645,62
P008,2023-11-13,6,47.369238101589765,30.41756181878408,0.19841462335349672,72
P004,2023-05-29,5,65.35821586329894,28.419897303325612,0.009618808892041508,60
P002,2023-07-21,2,53.306933632759225,22.101489229074126,0.024960544952680495,63
P006,2023-04-03,5,51.35520399132857,33.28410171140868,0.08801884343573543,68
P010,2023-03-13,9,42.625875818991126,22.068162273334973,0.26334143958269546,167
P004,2023-07-04,3,62.79816949974326,27.290721824023723,0.22946584804958886,128
P018,2023-08-06,9,66.19354281312494,46.58512772327126,0.0066469888248730565,105
P012,2023-05-04,2,68.79605868112263,36.160419336471655,0.15051384500654755,64
P002,2023-07-27,1,16.33312971154264,9.53593150846013,0.08240624819622502,121
P010,2023-11-20,4,66.7930758140844,33.04421585250371,0.19459369771861887,61
P004,2023-07-23,3,95.79134609031095,62.353157380664584,0.21646616477803834,181
P014,2023-09-21,4,58.68876119752753,30.553097124032217,0.25885877313878475,102
P016,2023-10-21,5,74.37403742583199,58.54786585006619,0.14262487113120428,59
P015,2023-12-27,1,60.1059076983296,40.94288326890578,0.29833502656367533,45
P008,2023-08-09,3,86.92665567327808,39.52458636578444,0.2939958321861328,4
P014,2023-10-22,5,93.66247851378121,53.07645999260032,0.26465001734130994,112
P008,2023-12-18,3,26.579790936672335,14.729681276029941,0.17246084854742125,149
P016,2023-12-11,12,49.31740329014139,30.26603340245254,0.11940193125114451,180
P013,2023-02-21,2,45.31438908394492,33.386385299602395,0.10931589304193548,69
P018,2023-05-29,3,46.46936109693508,29.432243756950218,0.0036374250263234483,159
P015,2023-04-29,4,21.29717631050883,9.043263890578066,0.07475234917270995,10
P013,2023-02-01,9,83.22541533826474,55.10906356956021,0.21564247048474935,137
P009,2023-08-20,5,13.218961871344172,5.331288211898309,0.18108962996791997,166
P015,2023-09-26,3,57.54039469544412,40.96785097671149,0.27492665675026007,97
P013,2023-11-06,3,69.56905492402221,46.37851858397375,0.01500668007496736,30
P001,2023-02-14,4,28.672249425298947,15.010331536215777,0.04658298095319918,11
P007,2023-11-16,4,91.5265172888916,47.31707886905943,0.23677313680563902,107
P009,2023-08-23,7,85.46942863223137,61.47894621583333,0.10755228935860013,79
P001,2023-09-14,6,52.39753565355328,37.376979158964026,0.035503600115363375,165
P012,2023-11-29,3,47.003403910612484,25.42512550881723,0.29893515153002675,66
P008,2023-08-17,6,31.291113268999002,16.25820819594133,0.23617509080080887,193
P011,2023-05-03,6,75.69939021804673,47.231114146168274,0.12262231102743676,51
P019,2023-10-29,4,21.856941966876775,8.815915884665936,0.24700424308384208,132
P017,2023-05-13,7,71.22139784594047,30.84362393885019,0.204181161035746,138
P008,2023-01-13,4,85.82112875065722,38.659658156491844,0.23699242787094998,24
P003,2023-10-31,7,30.562441832532134,14.491631891975677,0.24456191326969495,34
P003,2023-05-06,3,87.97846626088806,53.21001429742757,0.02541860498709537,162
P001,2023-10-10,4,12.999087949555761,10.358931147228443,0.1868918663064287,21
P005,2023-05-13,7,92.15086468478728,60.91590158427456,0.002035665893048277,164
P010,2023-11-11,8,20.65260050661682,8.767432007965542,0.013036873890351186,182
P007,2023-03-22,2,68.11832601442293,41.56796526530043,0.27119400271675226,95
P009,2023-12-22,9,32.50742220225476,19.46083112245155,0.15826911640704164,116
P007,2023-10-12,6,85.28971520526524,39.03429886326073,0.22077059576055744,199
P009,2023-02-11,4,56.107032482391986,43.0963136685746,0.2515502971329438,191
P008,2023-07-26,7,22.171707212185122,12.777690093179865,0.2848760302693755,19
P012,2023-12-26,2,61.38924141933806,48.97778904321551,0.26080585437683873,105
P002,2023-06-21,2,46.70943491772848,26.53230978142011,0.14499343460918818,3
P001,2023-03-08,3,69.53030349517911,44.72071483000094,0.10079109221415344,17
P016,2023-06-26,5,89.37129562871135,39.49362369789066,0.04634797086181145,50
P005,2023-07-07,7,46.84502180650766,27.24933364714519,0.12009644474618397,195
P003,2023-09-28,4,36.089261158047364,17.882458344956564,0.10994807374834903,19
P012,2023-09-13,4,11.306358507484791,8.301421470546197,0.167872452586762,121
P008,2023-05-27,5,61.73551340738874,44.05247657971734,0.19965282262716402,136
P003,2023-03-21,5,46.20472906882902,33.714297062186525,0.2934976429335142,79
P001,2023-08-24,4,43.718429711334586,30.14139922176557,0.21851585583021974,153
P003,2023-06-03,5,26.464178915579126,19.40018269018454,0.19312455973287698,101
P005,2023-02-18,6,48.70498106721469,23.39453661689464,0.10052773028050277,24
P015,2023-11-25,5,98.59977582250315,57.268476342091716,0.010351162949497793,195
P014,2023-09-10,7,36.79787383050199,24.902547211512076,0.08643753865640753,168
P003,2023-09-07,8,63.97339720672902,41.89982426148905,0.2305343701378853,58
P001,2023-10-28,4,79.88381931841,54.843580558502644,0.06158158224114052,44
P005,2023-07-13,5,77.42420408588785,37.91489236438402,0.21365645810223433,40
P014,2023-10-25,6,39.58968587433317,17.39467403382228,0.17393395277082474,37
P007,2023-07-01,9,64.97740751651654,49.819648861561724,0.05155706092513946,116
P009,2023-01-25,6,88.41382167431415,55.176303902387644,0.07848744188754898,18
P015,2023-05-28,0,11.390268495977015,5.256954831103327,0.14889108104594295,13
P015,2023-07-01,4,49.21609211589769,35.30637600727563,0.12551241153235423,126
P010,2023-09-20,2,30.184607641771475,23.120563519454883,0.23356915426402786,148
P013,2023-02-08,6,44.976906135895504,21.04133943789618,0.2203213927629741,142
P019,2023-02-21,9,47.43906471777175,34.48653883375832,0.17237235104190513,2
P007,2023-04-07,0,77.20038683079733,59.69828902593144,0.24668241344187755,36
P017,2023-04-08,3,18.443968515589884,14.300432131075267,0.16880086220529258,116
P020,2023-09-25,0,56.13255128192594,42.97859429815802,0.28931677699717806,173
P004,2023-04-02,8,60.77753126188708,37.59506056910209,0.06516722974532442,15
P005,2023-08-20,2,54.47418431966239,29.55140210899976,0.21423959808064583,141
P007,2023-06-30,4,75.86859277564481,30.568148184366873,0.11098323961634039,8
P013,2023-07-29,4,44.541213031616266,18.90172700197244,0.08368985832605816,6
P015,2023-11-02,5,95.04703572760685,54.322765174387875,0.05411624279031386,141
P011,2023-05-28,4,53.36230982850472,29.868510149948534,0.16575104287846315,133
P004,2023-10-09,3,61.40925186533178,29.100957944455548,0.06464082982476338,14
P013,2023-06-04,2,84.29777410120745,47.054344066303706,0.060105255434521776,179
P007,2023-05-10,8,34.771249533801026,16.337620216337726,0.2971595715251454,71
P019,2023-12-16,4,16.768182588652223,12.400347717939354,0.24052422505372822,161
P002,2023-03-09,5,73.70055805262342,38.27107478419558,0.22448304607631261,103
P010,2023-02-02,5,53.47106699935408,34.190776588037565,0.23821818776482648,128
P013,2023-10-09,7,90.68538258630953,54.514359217827234,0.29067686211562277,95
P006,2023-01-25,5,98.44120438501906,41.41941543574747,0.17198300662596103,121
P012,2023-11-02,8,45.919841551725625,35.67482586218123,0.06607316322085817,114
P012,2023-06-09,5,47.38951146336947,28.94979720138278,0.2586628922259717,196
P020,2023-12-01,4,46.71663419851538,24.76089328731291,0.22281921883622705,147
P011,2023-09-21,6,39.209869875783355,18.163996837999985,0.12429249370025192,79
P007,2023-08-11,5,80.35183879897576,43.021230552682496,0.1420708495723939,6
P001,2023-12-13,1,78.3096186241655,31.966349773718967,0.12337571954366072,134
P001,2023-05-25,7,53.078038349547235,28.949996824565936,0.2789826480687012,49
P020,2023-12-15,4,14.019509474100888,8.588272586919077,0.10305948344948825,129
P013,2023-02-19,4,37.86033713617661,28.34779485669841,0.2890452835968517,46
P009,2023-06-26,4,36.30727418993538,24.505586257774596,0.27308153137618496,13
P003,2023-04-09,6,82.99785215802325,36.90357779476251,0.189156342674452,30
P007,2023-07-17,6,17.881801607455724,8.209508827714453,0.17394653193002238,49
P006,2023-03-01,4,82.51078411384337,47.13423155599874,0.11102678402099127,188
P008,2023-11-04,5,70.22652869792287,33.588161893916066,0.005501516703194964,40
P009,2023-11-05,4,75.91973132174043,31.21363158127739,0.038286955871325974,13
P005,2023-12-15,4,48.89918688265211,35.30550397954457,0.2262693970048646,132
P001,2023-02-26,8,71.17532164015824,29.025938755532284,0.14146203797644957,4
P019,2023-08-16,4,64.81260502362242,47.46070492102007,0.044951440256390425,191
P010,2023-06-23,7,79.20821757057665,36.24897425090966,0.07918825623956129,156
P012,2023-05-06,7,50.209285102142694,39.65887652530422,0.2843510699540999,4
P015,2023-05-09,9,52.554306240667216,33.7161922934122,0.11013985059307953,112
P009,2023-05-31,6,67.92186004658382,47.13730823290074,0.27230458356574605,117
P020,2023-09-15,5,19.726974429974945,8.76259285353273,0.09139074968807301,95
P017,2023-08-07,10,49.262000352788554,36.69238860931833,0.16296602831014825,35
P017,2023-06-17,8,97.4755760733825,71.7105332524629,0.006143125008659367,78
P020,2023-01-28,5,13.379708805404105,8.846624562191082,0.15656253311207308,18
P012,2023-01-29,6,38.440425057975446,23.099233739583685,0.19108260318318906,191
P007,2023-01-01,1,38.26988371804337,26.352476191047895,0.07029152980115337,21
P002,2023-12-20,10,67.01177073121954,26.963612375287887,0.1736811528616071,161
P003,2023-01-02,10,19.52203234817259,12.43507197577485,0.19415033161529566,55
P017,2023-02-07,3,66.5689627790975,49.1919640935923,0.20606582351452696,16
P005,2023-04-25,6,18.553621658645746,10.070162854119802,0.23292099660663093,183
P017,2023-10-22,8,18.54582826764979,8.221657630478509,0.09340177287882495,16
P017,2023-12-18,1,75.5365021469634,42.93123897031966,0.17033308692956345,145
P017,2023-10-16,7,39.17216564495167,27.06176862586113,0.2944737089293783,172
P002,2023-09-10,6,97.9680652942373,43.392062911192816,0.26944325119954715,77
P002,2023-07-10,5,13.361764279199944,6.445974628333247,0.28579962842950996,55
P005,2023-02-01,5,50.05959973461947,22.978394450787228,0.11584091955857141,79
P001,2023-12-16,8,20.182234390662128,14.506568316317372,0.2360784317689985,49
P001,2023-10-04,2,41.62410700822978,17.696782502088116,0.18596938552810433,57
P019,2023-08-22,5,99.84002055481456,67.35553241543111,0.024820524918672326,17
P002,2023-10-05,5,89.99582605646786,49.19016774150437,0.2471941167471196,134
P012,2023-09-22,3,14.349196796985721,10.077677631434144,0.2031303829072094,75
P006,2023-08-21,5,60.69302594431151,47.689749520333976,0.05967520785458003,9
P004,2023-12-24,4,68.3040074341992,30.451164171482752,0.0239215672288384,68
P011,2023-11-26,3,28.85811615551131,15.172270475276488,0.25110663919449916,84
P017,2023-08-25,8,23.059501605680524,16.696236082786452,0.023670548847360317,130
P006,2023-09-11,4,91.3943021198971,46.28786482656102,0.02740615960993099,82
P005,2023-01-19,4,97.19347973350389,47.24071964910301,0.12822248637129458,108
P020,2023-09-02,2,99.27035715876777,72.48236952512084,0.04043934852584312,43
P002,2023-01-17,5,81.0785596361171,64.44391038077386,0.2741008792328158,197
P006,2023-08-03,6,69.71518624647314,43.415288122273786,0.141085180878971,141
P011,2023-12-31,4,41.11572269736981,21.019159172077664,0.17074529419637144,131
P016,2023-07-22,4,25.425848109227722,14.223890284151594,0.2784318268434262,17
P016,2023-06-22,1,17.108253942960854,8.007554714895482,0.15907896769150456,92
P001,2023-04-25,3,72.39677216963429,51.021980767372284,0.10607734378719556,179
P009,2023-02-13,5,80.62510736614225,57.19461323920974,0.23914653174474954,37
P006,2023-09-24,4,84.3808287209482,63.28970531571268,0.13285505924256322,147
P016,2023-03-12,5,92.23885029734187,37.87705607138034,0.09554082768069162,171
P003,2023-02-12,7,89.19366072745362,55.72753353905445,0.21696883758166036,50
P020,2023-06-03,8,99.97671450322834,48.55890755732883,0.24048170298391291,18
P004,2023-10-18,4,31.965760987052615,17.144938393930826,0.2375148502752814,119
P019,2023-09-29,6,78.69768536909895,56.1887501638496,0.29330232423861224,67
P003,2023-01-21,2,62.78135611373179,29.934995691383783,0.23600008466248878,65
P019,2023-06-16,7,33.51206192082242,21.961684077176834,0.23098003078460586,140
P020,2023-07-10,3,98.37147900582485,65.1048493374799,0.25724557612086607,189
P007,2023-08-24,9,90.8108294296827,70.98115567830949,5.555858863284246e-05,188
P020,2023-08-26,3,21.56641015997048,15.31353947384364,0.10872942335633119,157
P009,2023-05-14,5,12.354250809107786,8.913024390423503,0.22128092881032663,97
P001,2023-07-24,3,71.94976860994092,44.079327797859854,0.1799157033330832,157
P008,2023-06-25,7,64.37175659708817,30.55806610110078,0.05327160078948529,178
P007,2023-11-20,3,94.22340617000313,53.728574411662784,0.0911199267265636,87
P018,2023-07-13,6,31.060475844433284,19.251153387706054,0.10103778332463204,175
P008,2023-06-10,6,17.594915310548835,11.812657835799008,0.1703484333516948,32
P001,2023-05-28,3,33.32938003947878,21.433579192471676,0.2494794889323229,104
P011,2023-07-28,2,11.70348764603171,6.525760919830026,0.2797475339333039,73
P018,2023-10-21,4,13.230347607003917,6.696212894901249,0.2250277238560917,81
P010,2023-07-16,8,92.33720253286836,43.148467189616824,0.25288511705304295,18
P003,2023-08-30,5,41.68149242516905,28.240801454926004,0.1410287875354548,70
P007,2023-09-27,10,46.972810090871256,30.91559978090067,0.11693259588668621,56
P016,2023-07-09,4,11.653448908429397,7.865483527679652,0.11781255964326509,146
P016,2023-06-05,1,34.3469602154662,18.856858326421104,0.18481155850198713,78
P020,2023-11-16,4,82.42533853672879,41.62175685872333,0.0372710116667427,168
P017,2023-06-02,7,65.39418637000472,46.030217810813106,0.17384825483707836,41
P002,2023-06-18,7,77.84025409777738,55.22446556438726,0.19953985805511765,179
P001,2023-12-28,6,50.249236671440656,29.257444671313618,0.13167262206187164,115
P016,2023-01-01,7,37.8756299576197,24.420753056729136,0.2859501530313502,3
P012,2023-03-09,7,53.45290839955333,29.367448318865804,0.18246398171387257,3
P005,2023-05-21,2,39.0763961565176,26.602385211743,0.06599984167098756,4
P005,2023-12-07,2,85.50739870066612,62.787111387197164,0.14376487723005488,40
P009,2023-01-26,9,36.790634403356115,24.844469317614237,0.2026213311405882,107
P009,2023-01-04,1,69.37872764077754,41.97642324087973,0.0970887373741437,86
P003,2023-01-20,5,22.328400007857503,13.027799357676342,0.02389248188670695,103
P019,2023-02-02,7,71.8179844361419,47.1792348531784,0.1750306904132655,116
P016,2023-01-14,3,92.19697404400304,61.94939246872059,0.284361050585904,100
P016,2023-06-25,8,64.77248391759176,40.38511112502798,0.14552159566895212,188
P003,2023-07-31,6,60.38698420310295,39.25014539914577,0.27183272419411136,74
P020,2023-04-10,7,96.50064412194762,42.32860567902411,0.25050707651150816,182
P001,2023-05-26,5,66.46568997842618,51.890176682599545,0.04422383509019501,74
P020,2023-02-03,3,33.359538994577434,23.895745540003077,0.21245097655067124,12
P011,2023-05-03,9,36.31519214629664,19.95778183342155,0.13063965752159354,141
P017,2023-07-10,5,73.47759782823346,45.93268660341692,0.07507389757888107,187
P008,2023-09-25,8,76.18929345029677,31.9179663857032,0.2060815067000109,199
P004,2023-01-02,12,37.31466086101137,15.541225103370868,0.2227982155969264,24
P006,2023-06-20,5,41.08095801336972,20.553597555170917,0.05396889562045164,114
P008,2023-04-19,6,99.19508578651784,67.04403974719156,0.2743334046168625,171
P020,2023-11-08,2,19.17572946222497,14.206513654352925,0.22534417318543226,81
P003,2023-09-19,2,46.41805255960894,28.94974885084189,0.2800126497425906,9
P016,2023-08-04,8,15.620277807775672,9.572935612265905,0.0951219656291073,198
P003,2023-04-12,3,83.8970525798417,47.05985467588637,0.28180050472289603,49
P018,2023-11-29,5,18.311125505088903,8.508066383200823,0.11055529735151426,171
P014,2023-01-17,3,70.660662081644,31.609456496583466,0.01619092842821752,141
P018,2023-02-09,5,15.083508160313386,10.622891018430026,0.228890816612707,14
P002,2023-05-23,3,70.55695340287221,54.39951130108128,0.21105244322650224,15
P003,2023-02-15,4,85.8733252234933,50.091051563480114,0.17937329767899973,1
P016,2023-12-16,5,45.89393742316516,30.463398087295435,0.1469681233152522,157
P009,2023-10-19,6,56.99138440889592,43.64303676636303,0.009649581096789416,29
P004,2023-04-05,6,46.138756420475424,20.11859495223522,0.1873791754560463,81
P001,2023-08-03,8,37.0439882769375,26.234277677550644,0.1250503845668381,30
P004,2023-12-25,7,82.29370605644154,53.22154137195809,0.1680628208222835,76
P001,2023-11-19,6,34.48023163578907,22.04855209105519,0.12879640259029088,147
P014,2023-08-08,8,75.06490819505024,38.80977144094398,0.2898168398295597,176
P016,2023-11-26,9,28.557737132968203,19.235273514277146,0.18123267034525414,113
P020,2023-12-28,6,32.48684164704966,23.322924179737132,0.22477089918074014,34
P008,2023-09-29,7,40.281504631949105,17.931040530352767,0.28090408424132496,22
P007,2023-01-24,8,63.02407396544094,38.65950723749374,0.17747979687502188,105
P003,2023-05-27,2,50.898008724358704,22.420881915891858,0.003618755346720226,96
P017,2023-11-02,3,77.06303288450384,57.72249329112077,0.010287503493162709,114
P001,2023-03-26,2,29.22105703025731,17.621895461460543,0.21070153023055854,99
P016,2023-10-31,4,10.96050590639507,7.926487446280867,0.08372554084538504,188
P012,2023-02-13,7,79.8901724606698,43.71863901364771,0.1738139182043846,54
P019,2023-01-18,7,83.94844004920652,37.77942482982315,0.06068315432720068,194
P014,2023-05-21,9,15.353214679755059,6.396144963619755,0.08107466251851424,7
P006,2023-01-14,6,64.98167699425568,33.309857696824636,0.15139231678442258,167
P006,2023-12-16,2,44.03861054857701,21.917729344699406,0.2926708390068246,58
P013,2023-10-29,4,81.45060896750651,50.836647395030724,0.18488114676275746,127
P019,2023-10-20,9,88.69730987768307,36.2501945335202,0.28084443135390696,31
P008,2023-08-18,3,86.59033901175242,52.666687568860134,0.28781395631608425,92
P002,2023-03-20,3,79.9483822615767,44.50795970049445,0.06243299892615223,6
P001,2023-07-09,9,34.21470058679466,21.58430650155544,0.09335808074068333,1
P015,2023-08-07,3,83.0700679211485,56.56797587744181,0.23099768436561122,84
P001,2023-07-11,7,58.013062831566344,37.919471472989265,0.26002920068740315,133
P005,2023-04-05,7,14.748095334888173,11.707889746146972,0.15576802325685832,105
P016,2023-07-08,3,51.124496490842404,23.277297031472248,0.29796782018416473,35
P019,2023-06-29,4,94.79421253269939,54.212317556142146,0.0034716596265810806,159
P004,2023-12-30,1,89.90734147619975,51.24109743407017,0.08987779667556468,44
P003,2023-11-24,3,19.203785289740445,10.885114187219887,0.18694852612337395,41
P017,2023-06-19,5,76.97140171429332,51.225957762204615,0.14078697328124484,52
P017,2023-08-16,5,82.52135793624113,49.177053859132805,0.03498088992864022,109
P012,2023-09-30,6,34.42493694130883,20.895008073700037,0.11033612564416907,8
P014,2023-01-13,1,52.444771366698305,30.04783300954296,0.007634142988511716,86
P006,2023-11-23,6,73.98891473173146,58.94547263701517,0.19282381382258382,113
P003,2023-11-10,6,49.51373399390331,38.17630395294221,0.26782276289890655,74
P009,2023-06-16,1,20.151722697991925,10.541158091810834,0.26546223713503764,176
P005,2023-05-23,3,73.52942002135494,32.69394263494188,0.20986334212966395,129
P017,2023-04-10,6,92.04748207617732,67.73828418413065,0.13973105864937826,194
P014,2023-06-23,8,68.72362555655418,54.90111221266827,0.15360948560744692,10
P003,2023-01-17,8,79.64206737121305,41.17841784949386,0.04107564719869887,49
P001,2023-11-08,8,42.252628209204566,22.947992663861818,0.10230512793576091,162
P020,2023-01-13,8,26.487842061397135,20.571869220939238,0.056318422649482086,121
P001,2023-05-01,2,67.84962954564634,46.43980156045201,0.24636006100498636,142
P003,2023-12-07,6,39.4994085257097,20.470779107413144,0.2744261704013879,74
P018,2023-09-26,4,87.40661670908135,55.27756986515644,0.1610769784260351,30
P010,2023-04-13,8,21.03652449802059,16.359933270428975,0.2183292121538832,91
P003,2023-04-03,11,49.01173297598113,35.5200400800037,0.036439431272138244,189
P008,2023-01-02,2,45.70548404215472,31.84452292057133,0.1825603929831715,155
P014,2023-09-11,5,94.42484681985367,65.60624426458996,0.2108373064133538,152
P018,2023-01-18,10,23.78213205439635,11.206333966032634,0.13583043885342022,91
P015,2023-07-14,4,10.886214251080986,7.945548364065311,0.07298192534120958,152
P002,2023-12-18,8,31.427669152640583,16.042173671981264,0.2632123561624174,74
P010,2023-02-09,4,83.8249173791789,64.72513024404697,0.2228726159861167,91
P002,2023-11-23,3,28.838963444231535,15.741921126153175,0.2699571845547585,128
P017,2023-12-28,6,31.679025733493443,23.53954860879732,0.24552079424934703,186
P008,2023-01-23,7,21.690892408312973,10.986293797355115,0.29711232887365874,196
P001,2023-11-19,4,74.38925829488863,45.065814191993084,0.05765181996433468,41
P009,2023-07-08,7,16.225677145487545,7.1839853766772315,0.026024330341192226,109
P011,2023-11-27,4,39.808747209566945,26.434901498879313,0.10110083740117755,161
P016,2023-07-28,3,35.424885395886804,26.017159160219265,0.03870125250697767,193
P007,2023-08-30,4,59.964375681113935,41.218247345682784,0.1569390338718673,17
P010,2023-07-18,6,75.7374638517762,46.14709462424077,0.18990867162232275,76
P003,2023-11-12,6,57.958879122707266,24.229497950833597,0.1734865845520211,132
P018,2023-09-25,8,93.79233936775609,72.53678203684211,0.07777204061708104,19
P013,2023-07-10,7,95.62983749985987,65.23827535531369,0.272647209290639,193
P007,2023-11-13,2,42.53187956486639,29.701955009104612,0.006351709120613535,126
P004,2023-03-31,6,79.99123386474035,57.42348545127671,0.10440400612904789,74
P013,2023-02-27,4,76.49212449413707,53.47544308794578,0.2156977426194183,61
P020,2023-02-28,2,90.36681325343446,52.091630111031975,0.2300786779047478,31
P001,2023-05-02,9,50.3149276186933,34.890822743523884,0.12483556332955797,185
P008,2023-03-29,5,57.7425868478013,37.5333001700566,0.0050729439769101265,177
P014,2023-12-06,3,47.41968822234166,35.16675060068113,0.1854131037371212,165
P016,2023-02-08,2,86.53392273697351,62.389567358761425,0.01892840435496471,182
P014,2023-09-13,6,30.673208382592094,12.77691737508457,0.032356732846054344,27
P012,2023-03-11,3,31.57381704182002,17.414691484595696,0.19507521589385698,73
P019,2023-11-18,6,43.53445932193718,18.018323294800446,0.09374649784285645,80
P015,2023-12-17,5,30.730854889211606,13.547081836010301,0.10440904581247586,21
P002,2023-06-19,2,60.49061527734287,38.74812795429293,0.14604212309497303,170
P002,2023-11-17,7,22.104109584595207,16.567665150790486,0.29357351845781215,163
P019,2023-01-02,6,38.81675974636498,17.387187446739507,0.2896326662216131,95
P017,2023-10-27,5,92.2100228628031,53.52199054931408,0.12487829980802252,121
P020,2023-03-25,8,46.830293217261634,35.79480776590622,0.07964976516548465,122
P010,2023-11-28,3,77.34103448441583,56.127965977301535,0.09077764579923472,51
P006,2023-01-01,5,20.211597253591663,12.285966193032884,0.08063438944848124,163
P015,2023-07-23,5,32.28080573276062,22.875101389872448,0.15967374214253421,155
P011,2023-10-04,4,82.66110590803316,50.34702052871928,0.18205794234027856,77
P005,2023-04-05,3,78.66936426607246,36.442555174180676,0.1466338164688998,185
P001,2023-03-12,3,44.7540326734439,20.134590704050133,0.12239830867444569,163
P008,2023-01-31,5,95.89572118301268,45.583771458021374,0.06338551127098133,69
P012,2023-04-30,5,91.95787142510909,49.691168125677194,0.144751677414634,136
P012,2023-07-24,6,96.60706742010159,74.60110844746531,0.10233081414073741,20
P005,2023-02-12,6,48.512322116900684,34.92263156399854,0.16247863883950286,63
P007,2023-05-18,6,27.772622531711473,15.917062769114162,0.20255682465348718,75
P004,2023-01-04,6,66.39927751822069,39.655685923670795,0.18999365233098317,60
P006,2023-10-26,7,71.62958424512786,36.26203170773882,0.138747063121678,94
P013,2023-02-16,2,21.2897606005468,14.514106568850325,0.16681572728398827,39
P020,2023-04-14,5,80.78347308663153,58.25346884082271,0.0854568392882279,183
P015,2023-01-07,3,11.625419778396447,5.76111486102483,0.0072720777067169055,3
P003,2023-06-07,1,53.445554872910506,22.272293904745705,0.18750583625043124,30
P008,2023-11-03,8,39.79146335454054,25.84676694948516,0.07577056774130608,154
P020,2023-05-24,0,76.62727539091756,47.89241858185124,0.20068611302048237,185
P016,2023-03-07,4,38.14846546796343,21.39566077966991,0.22410254987908781,152
P013,2023-10-03,3,84.41264015029296,55.506171100859454,0.2747783238311343,68
P018,2023-10-15,3,63.54581399027295,39.413993681843046,0.28743683864388386,69
P010,2023-03-05,2,81.45040255858649,40.74414913837951,0.0031578138929104324,4
P019,2023-10-09,3,99.04065740556614,55.37279864819318,0.2971122628063912,114
P017,2023-12-12,8,71.1242511169201,40.62940326327361,0.20490549554824827,90
P019,2023-03-02,6,98.64552847254797,74.19122282979617,0.19305724811225677,7
P005,2023-10-09,4,12.595269422953482,9.879246453537178,0.004563928558606622,8
P009,2023-09-16,6,40.43259896354276,30.615585969287057,0.25837002356602123,14
P012,2023-06-22,5,19.706793810607824,13.551794737488217,0.04364743417434791,104
P001,2023-01-22,1,33.60744382459956,21.30702170282246,0.2511990461799123,6
P001,2023-01-28,3,85.4999109213197,57.772687742056796,0.0046687638776148005,71
P015,2023-11-08,3,12.909093879348127,10.01285718909915,0.19378927874974838,114
P002,2023-12-28,3,56.81646421591543,28.408203363913753,0.13044046013094832,14
P016,2023-09-04,9,61.04158367791357,37.482474769930924,0.06023001871780054,164
P008,2023-06-12,2,60.50360320047605,40.89094925837723,0.03226841753113023,82
P013,2023-08-25,3,52.77673664409301,35.45007069970966,0.13203830896389793,38
P001,2023-08-05,5,81.15426682927799,40.65111233207569,0.03699174159642743,133
P016,2023-05-21,4,22.018878055499606,13.975219203364633,0.14593398350731426,56
P007,2023-01-24,3,37.95193139957086,27.263348952287007,0.18756511759585567,91
P005,2023-10-27,3,65.41534481006555,38.5971200408266,0.24821525808220743,80
P003,2023-05-16,0,72.18562296411602,51.78013553073972,0.20359483115486,146
P012,2023-10-26,2,46.37335885993507,25.22492948522108,0.01955993001184514,126
P016,2023-04-03,7,88.78341369945099,68.85189697359209,0.09222975976435116,190
P019,2023-01-01,4,47.39440570263229,29.07985073112818,0.08639358237975012,158
P005,2023-02-28,3,46.249852091349986,29.52494266786061,0.27450972704132526,74
P014,2023-06-21,11,13.258653533864646,5.469786283569257,0.26033461331782903,78
P005,2023-12-11,2,59.602720257526045,27.9004896025168,0.11104437550512508,9
P015,2023-02-07,6,73.78127546607146,48.19197778116607,0.021346576764774326,106
P017,2023-11-08,11,20.29943471651633,11.529026367163995,0.26823219534142,86
P014,2023-07-12,3,37.488948947908376,22.615790138228203,0.26645698588925615,66
P020,2023-10-29,5,80.31312584045669,34.14822260577489,0.2564238396092175,61
P005,2023-04-19,6,42.93274918722179,31.497787266447308,0.25352449132065047,130
P012,2023-11-03,4,31.74422158360359,22.659096502589243,0.1440762003258464,145
P016,2023-10-10,3,70.4980597208601,33.42606214831916,0.053229495674879466,152
P016,2023-03-25,10,27.708289990449007,18.113788708316644,0.1432464151387283,106
P007,2023-02-17,2,90.60876276248591,65.90211665608051,0.14837933120083946,147
P004,2023-11-13,4,19.503855642352686,12.801192882722857,0.1469795259734582,185
P001,2023-12-18,7,73.58948220545443,38.57260692633398,0.16163177583453484,92
P005,2023-01-12,6,54.95938311577377,36.40753888057378,0.07729710689734653,85
P010,2023-09-24,7,88.29366061572942,42.7504394953057,0.10987235434008451,177
P005,2023-11-28,5,21.357558192361296,11.261883126706527,0.13025597758904087,120
P004,2023-11-09,7,71.01054266464791,35.22320760364098,0.03933636285494996,78
P002,2023-12-19,1,61.48491752632433,38.290964606050366,0.13660924036845015,9
P020,2023-10-05,6,53.20811280160418,23.586659372337945,0.2431408851208779,148
P010,2023-06-11,5,54.226653708940155,41.9347810028195,0.2484178628198629,28
P019,2023-04-24,15,74.97792656186778,39.99359652891115,0.12346913157030909,95
P001,2023-04-28,6,94.39674894413399,46.026726823522175,0.15564249362530605,9
P005,2023-09-22,3,18.212649320714327,10.902454778444218,0.010095099640516992,12
P013,2023-09-30,2,11.75523828494682,6.004565458116979,0.20232976694057905,46
P004,2023-03-15,5,82.51343132330831,50.66008116783984,0.12138176488405891,150
P016,2023-11-13,7,19.73524487956834,10.645263317315186,0.13364330492500373,49
P016,2023-09-18,3,98.80271164723814,44.74050826792882,0.2621018181539294,131
P002,2023-07-25,3,65.74134240629536,33.28866102264575,0.1385503303681825,115
P017,2023-06-22,4,68.57797557287266,39.45811702032729,0.0063576738683558285,112
P020,2023-07-18,2,27.900253264421565,11.498176782159842,0.06824726726071871,194
P012,2023-02-28,3,31.6281079267007,22.400829177611584,0.14268618429247767,84
P018,2023-03-16,5,69.34152727893252,44.98391691487567,0.12731888782456072,52
P003,2023-02-03,7,91.87541541407772,58.850231658409264,0.2581110411841442,129
P001,2023-02-26,5,98.415149906581,60.861894323720705,0.16264125279185,67
P001,2023-06-15,7,27.822785196798428,17.698776715695786,0.2068907225745363,192
P019,2023-07-13,2,22.070766043881115,17.079700249815527,0.14079698911304103,78
P011,2023-01-07,6,15.076122198471143,6.082125067119333,0.13189672021774948,56
P005,2023-10-18,4,88.14673163451951,36.94404792557164,0.13388600054230537,96
P012,2023-04-18,2,36.52433621708219,17.407402361900143,0.12327647090815165,197
P003,2023-11-29,6,10.16308304823265,4.745352346874785,0.16157501575626101,134
P001,2023-12-20,3,30.143627745078597,14.24219443231535,0.0751330205260811,146
P001,2023-03-09,3,40.63969720894766,27.178917308496196,0.26731655815254624,171
P008,2023-06-18,4,99.18875525470168,57.905732778475574,0.09992566442816188,62
P010,2023-01-01,4,57.11874344713735,45.50716270201053,0.04425715025320404,64
P011,2023-08-07,5,28.424255283559116,13.949327378464746,0.028965143579323536,38
P012,2023-08-10,4,40.13365102421059,21.043359130667277,0.004026874536038283,108
P013,2023-04-01,6,39.72769188011906,31.531721525233,0.12685682357005842,25
P012,2023-07-23,4,11.775317181685793,8.627813243232609,0.056283296563627405,171
P014,2023-03-24,7,22.166474875428705,13.032106998838156,0.006494370776174374,11
P002,2023-02-28,9,72.567681373289,45.12539658168353,0.1560058638868571,149
P019,2023-08-26,3,20.822588791366115,15.351894364431738,0.20399356459522844,76
P018,2023-04-29,4,30.76608489455069,18.22558559080556,0.025725315273331304,141
P003,2023-08-04,3,41.56635685638779,20.052004988673,0.13827623187589788,85
P017,2023-06-08,4,78.19614500520643,57.1909257083106,0.223088603580224,29
P008,2023-12-26,5,62.41608683811458,38.39269654108975,0.29574204630252754,171
P010,2023-02-24,2,72.00999864897115,33.212238345589185,0.20015710339276827,165
P002,2023-06-19,5,61.0311092878155,36.755029362080606,0.07345186524285617,186
P019,2023-09-06,10,71.52331826996821,40.430798068249665,0.21496609193369987,169
P009,2023-05-25,5,10.25579382975752,7.699404023159766,0.17937882804594898,51
P007,2023-12-22,5,93.78083299342865,42.240966539912556,0.06353978657446431,62
P004,2023-09-21,7,19.982820778732588,14.988792577922831,0.2553332477542664,188
P018,2023-08-28,5,46.56241863792143,28.16488097343893,0.12822132816828025,119
P013,2023-10-04,7,79.39345332203693,44.598936727534905,0.28859329642023773,104
P011,2023-12-14,3,49.17076462084815,22.853925968570657,0.21687030223433337,161
P004,2023-11-28,3,95.21582965007643,64.77791735855781,0.19336894638954663,38
P004,2023-09-22,6,52.083005364889004,40.14155366707295,0.21850585124296856,40
P010,2023-10-01,4,88.74454650424042,48.82289581759893,0.14342910564546646,120
P005,2023-02-23,4,82.97453020260438,41.20797285490506,0.1515679433405022,107
P009,2023-02-07,2,98.28876725188148,61.13038100503227,0.25536221563342315,164
P003,2023-07-28,2,93.38930026758779,67.09781954988507,0.20427856099305083,64
P017,2023-01-07,3,90.83114512415908,36.46934765386482,0.2691729975574925,117
P003,2023-06-26,4,75.84439064675215,49.492331031308794,0.26724802607228054,78
P016,2023-03-18,6,43.02983325413987,27.479126919051335,0.29294701021327474,159
P004,2023-05-07,4,19.55128767084122,10.308629031442111,0.21006439765360024,7
P018,2023-10-11,5,71.9780547037951,41.78824174073006,0.1506905152985226,96
P017,2023-12-10,4,98.07886732041685,48.92029624640258,0.04989351006272471,17
P007,2023-01-27,5,75.3943993598682,53.97894405426946,0.21161416789422519,172
P005,2023-07-14,8,93.5856432349602,61.187601251632,0.08747331502797921,95
P012,2023-11-19,4,82.3874241659965,50.51046501163136,0.08488427041119936,32
P017,2023-01-31,2,24.68032076050109,13.747197297741264,0.07148633293442043,4
P013,2023-10-28,2,32.428339353215854,16.75098044212984,0.26253661720543503,126
P003,2023-05-11,3,40.76790415861153,29.72365854776919,0.2603893340046475,73
P009,2023-04-28,6,25.143439990420372,14.59735266527291,0.18929113346101745,125
P017,2023-12-23,4,62.34861994057061,37.44526981618352,0.14189429441122076,163
P017,2023-03-15,3,97.79054717214561,59.48906948587949,0.2016343380296397,150
P020,2023-09-11,4,78.53129500925428,45.49685243521067,0.1821688350895172,167
P016,2023-10-27,3,48.104807416071566,24.16955673670232,0.1247202744970162,4
P013,2023-01-16,8,10.40540328822598,4.663037640335038,0.1138892602456903,33
P019,2023-09-02,4,38.194841002436085,16.783382501889,0.11483829244360505,23
P017,2023-12-14,8,57.40833589229937,40.35719954322811,0.17674002094681146,144
P004,2023-02-15,4,39.18257864667736,19.176390049490738,0.19430080683624776,94
P012,2023-11-24,4,19.993143072147358,8.442487050700551,0.13552252605463258,70
P009,2023-08-06,1,49.84884611757051,35.84166744001505,0.2906074350639129,91
P019,2023-08-14,3,32.79275352691446,15.137943734849099,0.025153715401344312,124
P012,2023-08-12,8,91.83091388153512,59.69546031795161,0.1041141077861331,21
P009,2023-04-20,6,19.157907565091417,10.258241622811898,0.1257224049376323,14
P007,2023-12-08,6,14.423736585223935,6.4992217963883565,0.005076403039482935,100
P014,2023-12-12,9,10.478275223937585,5.928528399860773,0.10948715630046754,14
P020,2023-08-17,4,39.5262716037092,16.044644268391583,0.08211297515185276,152
P019,2023-10-13,3,69.43481543807997,51.13304742958512,0.15181088106824422,52
P015,2023-08-12,8,75.73723775936134,45.85126197858276,0.10092316415498077,148
P016,2023-06-26,3,50.79355150435508,23.144793074302104,0.21785464048393835,101
P005,2023-08-30,2,71.589578540974,35.421959862778905,0.15297974862229455,193
P003,2023-07-21,2,42.39226325938271,24.553178215276674,0.03892867004887931,112
P012,2023-08-07,7,70.10255979879553,33.33711480071366,0.22501839724330416,31
P020,2023-10-14,5,13.653638677213607,6.928397830940792,0.029768668824802978,20
P004,2023-06-25,6,45.167768611030375,27.72190885019346,0.2517147504238072,195
P016,2023-01-15,5,81.17647098698612,59.50589295095991,0.2794266582258658,171
P007,2023-03-01,9,82.27054274131012,46.13204471120696,0.09673358705545616,82
P013,2023-06-10,4,74.45339009881252,51.133851932759065,0.27784278997887923,193
P010,2023-09-22,5,28.381475851287796,21.30522707393057,0.23790244773676147,13
P007,2023-08-05,7,32.24846070375699,15.689533230833383,0.276730683301131,14
P014,2023-08-26,3,99.6479854538061,72.03321567154786,0.1998810410762543,147
P005,2023-06-24,8,19.30402064817639,13.569971329493095,0.07069321182642656,33
P003,2023-08-13,5,26.259642901216843,14.253075553384043,0.26835697107329176,163
P011,2023-05-01,5,21.702363008511934,17.270913749507113,0.05527952285122312,82
P011,2023-06-21,2,39.4889467315254,19.943061248132086,0.06391816530526065,8
P018,2023-09-29,8,28.9158251710531,14.51346874585558,0.08131889704210911,198
P015,2023-11-15,9,54.79191635929949,38.842190366672,0.09127389344597539,157
P012,2023-06-08,3,52.84186361921079,30.32398653630325,0.15434389263930917,76
P009,2023-01-16,4,91.13550575061728,48.513069959904186,0.2140372081302132,190
P010,2023-03-01,4,13.126595270030332,6.188731842209981,0.2778624523202051,162
P012,2023-01-08,4,38.789161900098705,27.39030618840594,0.02653127620065073,140
P017,2023-08-27,9,63.69921027973812,45.51491534253743,0.28631080866847075,173
P006,2023-05-02,5,64.43215856595674,40.37484010393776,0.276396890129044,183
P007,2023-07-18,6,53.21136061127883,41.6605282003565,0.01619978765431168,8
P014,2023-06-30,7,83.40989867331703,43.97914592833671,0.10809634130746881,35
P013,2023-01-30,11,15.644995427301291,7.632373755829518,0.24394301708980093,116
P008,2023-05-28,10,83.39389890221223,55.956197656136446,0.18347296364382032,2
P010,2023-03-22,7,54.52788163921333,38.352919295558515,0.2337281830145311,18
P009,2023-06-02,4,22.038462556930195,10.79801774710663,0.21571000163696624,155
P018,2023-03-16,5,89.713172218643,38.63446676264085,0.14903103393814907,22
P002,2023-11-03,4,68.43059015868671,49.557884667654974,0.012365413785509859,103
P005,2023-03-05,5,24.719111814172535,19.542949314995393,0.1752804606193503,134
P005,2023-12-17,6,13.028475105912396,8.571028774590715,0.014569995917788792,104
P006,2023-06-01,6,22.699868349938434,11.602964160804127,0.18111801526053925,141
P019,2023-11-05,0,64.79181641623542,51.74721803867136,0.24012325874810345,45
P008,2023-08-18,4,26.13666117340436,19.79346743320944,0.17549752461057558,142
P016,2023-09-26,4,30.31867673875253,18.35347943890265,0.2991065413685091,194
P013,2023-10-08,7,12.262575318068276,8.953255894018458,0.13675995005412991,14
P001,2023-07-04,9,75.06376050147432,54.520926748749254,0.22464823908119622,50
P020,2023-07-18,3,82.93279597834933,64.18331528442114,0.20016398752257222,109
P017,2023-07-07,3,81.71633590949108,60.17342048063342,0.29742950746742636,7
P007,2023-08-03,4,21.48113362278558,14.123237320237584,0.21396570152313152,68
P013,2023-01-11,3,91.29710146498834,58.76990596702213,0.049209219437816816,189
P004,2023-05-25,5,70.5050946526672,41.38246580124055,0.28665531192517224,178
P004,2023-08-10,7,90.77757601391781,59.059369527196466,0.20033316793372838,62
P006,2023-08-07,2,50.24444540775972,36.07986471081223,0.017801469241916966,67
P019,2023-10-17,8,49.3259374975328,38.849850754116034,0.19727049173538372,143
P012,2023-08-28,5,80.60828668164058,47.310208005076554,0.2649358220024325,151
P007,2023-12-29,6,18.396806992906917,11.580077699661576,0.1731125585970075,5
P010,2023-04-14,4,56.87866329713972,32.87144211332229,0.10620589140960336,118
P019,2023-05-12,5,85.27458120681031,56.911867361075295,0.2462728902211848,56
P007,2023-05-21,9,84.71733067626143,55.23300572743057,0.2347536024617488,30
P003,2023-06-20,3,96.05195707081322,39.105971008360406,0.16325464626939024,5
P013,2023-11-02,4,72.84453341774918,44.90607787762334,0.0463085309687701,156
P013,2023-03-28,5,28.699356649575552,12.49554945122214,0.07529594565695441,66
P018,2023-10-11,4,11.825228340512274,4.854888259150647,0.22154519165583172,130
P020,2023-05-28,3,53.147421876439175,38.079004494878426,0.24182464961847824,155
P008,2023-08-08,9,56.23334790603,28.31123823627226,0.08377958341229692,73
P009,2023-08-19,4,31.623632604903833,16.958553445613003,0.11039552315603599,113
P007,2023-05-17,5,21.222770241124287,9.033129087937034,0.023289565574938543,96
P001,2023-07-07,4,62.758734957145805,29.609577692099755,0.21403858450994992,175
P003,2023-05-31,5,78.78301066217271,55.63986528879487,0.0010732633800094038,79
P013,2023-01-26,5,99.38386932311445,59.37314914475258,0.01396245636572042,122
P017,2023-06-09,9,78.24723554894666,58.862843271454736,0.0013032203352269732,137
P001,2023-02-05,5,81.42691728300228,45.50924778531032,0.19359587500128503,32
P006,2023-05-28,8,65.48147904059178,33.2305602548306,0.12521613831016395,194
P006,2023-08-05,5,98.7330393073016,53.221050180583326,0.08926402840299907,196
P012,2023-07-31,2,67.59607466031133,46.31066001225761,0.2738103031071331,139
P013,2023-08-30,3,87.42279577597338,54.37717732919119,0.057840838402981994,184
P013,2023-02-04,2,95.12061816168601,72.45113790417372,0.11681040311442016,43
P015,2023-08-27,5,93.68726504505048,60.04112405785547,0.2820935402783255,12
P016,2023-04-24,3,44.32738094050209,26.472634751386224,0.12813196885111272,151
P011,2023-05-26,3,17.07958524828328,12.199966351991012,0.16640810569411732,171
P005,2023-11-10,6,25.468633228532212,19.840410137792446,0.024101059970846272,56
P004,2023-01-04,6,15.330097485694672,8.31409999798637,0.23704991606803869,95
P003,2023-08-03,6,19.4857241346226,9.741897213484831,0.12682763312647144,143
P019,2023-08-07,5,26.618612130432787,17.208585596164667,0.240154537379545,108
P020,2023-05-25,4,40.69848849286616,24.400743305600425,0.07613929276679764,119
P018,2023-03-28,2,58.918568191756826,46.8799863754919,0.126743625168423,99
P015,2023-03-27,6,74.05138534195774,43.31596639491065,0.2359646809095031,148
P009,2023-11-19,5,28.983460249586074,12.45513832549149,0.2921633301130919,110
P017,2023-06-11,4,70.52701638143255,55.78317605664088,0.01788765731618066,50
P014,2023-05-01,4,73.38331670521777,54.115409880838335,0.2437368532256713,20
P015,2023-06-13,4,60.27601031795705,28.408087133737833,0.09020672028813306,59
P001,2023-09-02,7,91.32560828188396,69.57569331096174,0.16522298426732165,178
P003,2023-02-23,4,19.989533252962957,10.71972159838416,0.08702767948522437,20
P016,2023-06-14,5,25.940931184217753,14.289426889507828,0.18403364177039705,106
P011,2023-08-03,4,48.579834195053635,37.04487284960649,0.10614084919319267,125
P012,2023-12-13,3,21.4041461710815,13.10032688506514,0.10008446729330445,133
P010,2023-04-03,6,60.96665293516787,27.746239055655785,0.011381493880780658,72
P016,2023-05-12,7,45.8560419948482,25.111798694433343,0.04408812177114346,192
P008,2023-05-19,8,35.613621508232654,24.532050660671327,0.27512345965964363,75
P006,2023-08-10,3,25.299083171587355,11.88231337307821,0.2994832286619739,185
P012,2023-05-11,3,40.18044145133893,25.55847660859152,0.2341561727608819,77
P008,2023-07-14,6,64.71634157491079,43.88477594029665,0.08604378743204603,133
P004,2023-10-13,3,61.820668980047046,33.23117082050818,0.12073354153307775,64
P008,2023-09-15,3,24.726160018921043,16.753265984784864,0.2218510364718248,85
P018,2023-06-12,3,21.242782966657007,16.010323135635904,0.2905540670649594,33
P005,2023-11-12,4,12.400908634798528,7.302234097997398,0.13664135121881027,55
P009,2023-07-23,4,11.118303441453904,6.150242217088008,0.2488567245865124,74
P004,2023-07-17,1,89.18293921477166,44.63279346255476,0.2925206767796151,2
P017,2023-01-13,5,14.057997040485093,9.02076635529932,0.2620419513168013,169
P009,2023-12-27,10,75.80989988859217,57.00455822687201,0.06814492403139807,189
P001,2023-02-14,4,88.47865866204613,46.881700840844914,0.0024095591626868804,5
P020,2023-03-26,9,18.82520637062118,10.513768756562902,0.14762451161652454,5
P013,2023-01-19,2,49.267128144971586,27.720159850048816,0.15940824950858004,190
P016,2023-08-22,5,96.6072684856849,60.31432678314847,0.060375109365350885,147
P013,2023-03-24,9,85.07247944712266,41.80151845424289,0.08540231758404529,148
P014,2023-03-07,8,54.07336286720695,39.41323400865036,0.22954594825456406,1
P003,2023-02-02,2,78.63140015123976,40.7500084477168,0.14110417761394012,89
P006,2023-02-07,3,85.00398619884974,57.985050656405924,0.09520622508007699,55
P018,2023-08-02,3,41.322426686984734,25.011898620510706,0.18678780820857582,95
P019,2023-09-09,4,90.29376251829648,57.27866463018775,0.1958279267928376,9
P005,2023-05-26,2,52.34259877094411,24.697514769254767,0.23081873305224065,86
P015,2023-06-25,6,57.502662720294694,39.90738151069054,0.047012788728875744,69
P002,2023-09-08,2,99.97368740396479,47.532310485082554,0.22245517569809709,150
P010,2023-01-07,6,85.89726695369451,38.25773691887418,0.17982851763312555,112
P018,2023-04-28,5,42.559300519568204,26.33023905728894,0.017271559590839137,29
P013,2023-12-22,6,10.931103682542995,7.4738016911683545,0.23323368847602333,127
P005,2023-07-31,4,66.35566664145051,27.87033116961655,0.11492408439995551,77
P001,2023-04-03,3,73.3522083515297,31.377003180667348,0.09911428029889126,164
P001,2023-07-10,3,68.57224211290418,49.445500798783065,0.1344225454744903,54
P018,2023-05-06,2,97.10761160468918,70.26833790557616,0.10385252319183871,48
P015,2023-07-14,7,87.66739245989298,43.669046945029784,0.10148567766297271,33
P017,2023-02-15,3,50.394852386258364,32.559674740095055,0.24242330031018763,104
P011,2023-02-18,7,15.657173872514285,9.038448546355268,0.03735157630970768,171
P017,2023-02-22,3,52.84528925517972,34.51211782950221,0.29118002035723756,21
P013,2023-12-10,4,72.03196179658208,53.67473976955183,0.16647949331230297,30
P001,2023-09-25,4,64.69388274043041,27.944041963369976,0.05487719952639387,134
P002,2023-03-01,6,58.432336093979636,41.55671341968753,0.03936464487950595,104
P009,2023-03-10,4,52.19370622137172,31.17068898453153,0.17745285964049476,148
P003,2023-09-24,2,36.43856857246477,22.7978187585245,0.18989983315407838,15
P001,2023-02-26,5,34.96120855521663,23.129375685428645,0.01590773130894323,19
P016,2023-03-27,5,55.02083310332217,42.313730963526524,0.07290057423863573,42
P006,2023-12-18,4,24.454283178668412,10.336531593881412,0.23863857636644017,171
P017,2023-04-04,6,40.66168812173214,16.744098543513115,0.014887388323057648,46
P005,2023-08-30,5,39.15813472390896,18.45541343182815,0.2565265991718108,113
P005,2023-12-24,2,62.84195214257808,49.932901173082094,0.19744874295790005,18
P006,2023-05-17,4,16.001407032672212,10.97745401861146,0.13032697780896144,47
P003,2023-01-07,4,84.67018122385856,54.68478246473539,0.10392985469127476,196
P005,2023-03-31,6,60.61405423459619,25.386112787768713,0.005774689154668188,138
P005,2023-10-31,6,70.37440126983418,52.896502770596584,0.2475644837255529,156
P010,2023-11-12,6,73.27845133834896,53.1344059450378,0.042816556190561426,44
P010,2023-10-08,5,36.23357231582828,24.12866111234085,0.09286259755862643,195
P019,2023-02-11,6,52.33344106463799,28.03252944400372,0.17073209410884113,163
P017,2023-10-18,4,96.06213602827005,41.13399706429405,0.07379778002137627,175
P014,2023-12-02,8,79.00347141971334,49.93141020837105,0.1491421391256604,86
P009,2023-08-08,6,97.26011877008668,66.90307930742175,0.2428028486216107,14
P014,2023-12-10,2,77.16289106316594,33.77389958431855,0.14116138043708246,109
P001,2023-10-29,5,25.804012573766567,16.863104494421428,0.28469320323587877,171
P019,2023-09-01,5,15.808229546020861,8.134068032548983,0.2542501861129025,194
P013,2023-07-30,9,61.989529304769725,43.74586754083047,0.09991177060901825,95
P013,2023-05-08,7,42.20319517323486,25.990683293902133,0.11998863737518133,167
P004,2023-02-28,3,34.791211912435315,15.71222325665927,0.12699801810675815,101
P001,2023-08-09,9,82.64898967828758,50.4661160317638,0.1878538358773544,85
P017,2023-04-27,6,43.02939403737526,24.023084586518696,0.08603871875656194,141
P008,2023-11-13,3,38.53008727608736,18.19168738989706,0.2907747416467526,190
P002,2023-12-29,8,86.49888338521093,63.71562154707275,0.18260526618105027,80
P008,2023-10-02,4,86.16586028378141,34.84645441452194,0.11982049762234005,50
P007,2023-02-03,7,42.07299739795509,22.082067831550344,0.1935029446474702,111
P002,2023-04-16,10,84.92488308873696,34.39780609310949,0.11862150315891229,185
P003,2023-02-09,6,86.57006412993944,37.9525566583587,0.24533870429382565,14
P018,2023-08-26,6,48.15374815266996,24.98401786713638,0.17035228816551637,64
P012,2023-10-07,3,15.98258171882544,6.739990149715452,0.012591151021820101,87
P001,2023-12-04,4,10.14261800197061,6.477605431992583,0.05302706022703822,182
P012,2023-06-09,2,57.09632166000955,24.822349677884983,0.25949819190886037,75
P005,2023-11-26,6,40.96679440333202,27.88550103205308,0.16886994790703697,9
P017,2023-11-17,6,99.74187047425293,41.99699730136091,0.2851030429541715,41
P016,2023-04-26,5,79.51698996645558,33.69322190371039,0.021726693858205436,94
P015,2023-11-14,5,78.51479107153712,40.994956097145305,0.08857818902579218,10
P015,2023-05-18,5,95.97184914586093,72.80699051547478,0.058063011971871775,117
P005,2023-04-19,5,89.89519581039887,59.021346998339716,0.16615208766862086,143
P014,2023-08-25,5,38.63687315107498,27.356935274802453,0.1148378493239728,124
P002,2023-04-30,2,24.938849944348874,11.387598704761787,0.04718206022291797,77
P011,2023-08-19,3,77.1303038558934,56.586660790472884,0.19282557418786406,146
P019,2023-08-11,1,44.04465043145857,17.761379634200626,0.16088950973915594,158
P007,2023-07-25,3,52.585538646786084,25.515709679095373,0.08242087538889029,180
P006,2023-05-19,3,66.73579581473442,43.14048286481047,0.14393140733471332,89
P002,2023-07-20,5,91.70854092417166,50.44873661734703,0.22372149451235684,7
P006,2023-08-06,6,47.71789783038694,37.87261501670214,0.061581502365197556,151
P018,2023-07-19,5,80.49852011974252,33.1763138360659,0.08787172401051872,135
P002,2023-06-12,4,34.15058121471917,27.301315619882345,0.10383329612823454,110
P018,2023-01-06,5,72.81746118312523,47.291382678088254,0.22401793116030946,175
P015,2023-08-03,6,10.142147897012068,6.32345474692032,0.2540767798652721,157
P019,2023-03-03,3,88.43564921415712,37.47946828344897,0.11291654893248326,57
P002,2023-08-23,1,12.734162195901625,6.485910577675467,0.08898625855017546,85
P020,2023-10-05,3,74.14783792863258,57.08383083149261,0.26683402750550317,54
P006,2023-07-02,5,14.16323703351555,7.67220285794413,0.29980947965780363,121
P001,2023-07-17,5,33.962112945460305,22.57330146818175,0.2011060918985397,189
P015,2023-12-14,4,54.74821632008978,43.78754348958169,0.29699418449675424,107
P010,2023-11-06,3,47.79448168134144,24.147104920029744,0.197989883340573,47
P019,2023-11-30,5,27.265250314090952,17.18889587263307,0.22003808160234747,131
P017,2023-10-25,4,40.04334205383137,27.17241552248856,0.1165968004630541,164
P005,2023-02-09,5,75.49357330548703,35.16874896486148,0.12989026409971605,135
P004,2023-02-24,9,70.23313833216835,32.269951625776166,0.04324069919681854,128
P010,2023-07-12,3,16.46331253875241,9.590260920914538,0.24682500442953695,197
P017,2023-03-31,6,77.25842430155977,42.82627672339749,0.27931770926616,46
P010,2023-06-23,3,14.77412930773255,10.13041621017648,0.1870314401082336,4
P017,2023-05-24,8,58.8633750189806,25.181958359946936,0.10309419253361954,177
P020,2023-07-20,5,33.405647323797155,26.352601078578104,0.04620489761230988,23
P005,2023-09-30,5,62.8921114803837,25.516008401668987,0.07954686891159447,174
P002,2023-09-19,3,33.51955563468117,21.47017135283464,0.07662312625555298,17
P006,2023-07-10,5,98.6462172663248,61.6591178237502,0.1840583652490719,83
P002,2023-10-28,2,37.87553653547786,17.191186848775107,0.2835112396090813,155
P013,2023-06-07,4,31.77645721070464,14.628812991125024,0.014481566087394437,4
P011,2023-11-24,8,35.06187618238114,25.141854444798916,0.0003066898783343985,29
P011,2023-01-27,4,90.68255715333659,68.46759620620027,0.18005458329429766,0
P016,2023-12-15,6,67.25969458024103,34.518131706643956,0.08521813862391457,85
P011,2023-08-27,8,75.76156876786987,43.57696229658756,0.26416450270168707,81
P019,2023-05-19,2,92.62094590849154,50.20036896091505,0.0981750923717451,173
P015,2023-03-13,3,92.06852363605067,39.499128006374846,0.08692128015866679,68
P016,2023-06-24,7,76.50512619208548,51.2034807946291,0.08085318636548917,30
P011,2023-03-13,4,27.80419859571906,20.29921073393629,0.04345584818047323,197
P016,2023-03-02,8,85.90359886075049,44.83753315160325,0.17445914228313317,90
P008,2023-08-14,4,28.339843077195734,22.56050787501122,0.050464080700263,183
P004,2023-07-10,4,76.86089326885887,33.07636468696588,0.12738934793708726,92
P008,2023-09-02,4,71.70427598903869,47.662999991751214,0.13829161567669465,126
P004,2023-12-06,6,78.29999651264019,45.35849939476024,0.0061476140633923365,155
P003,2023-07-14,7,57.941711264243416,33.52743586729099,0.0050421839463427485,15
P003,2023-08-01,2,67.48535640242977,39.347893562585114,0.15606380662704877,53
P018,2023-02-02,5,95.79880723908298,48.232085049500036,0.20881041966873967,180
P019,2023-09-19,5,19.09797347567934,13.105509348900974,0.28264274468412137,139
P019,2023-05-26,5,37.7962547303458,26.027657967077396,0.05373578524708653,19
P005,2023-12-23,4,65.02213117885441,33.35367724667395,0.03097764283082477,81
P018,2023-10-28,6,96.76487171183403,71.03727769474723,0.015626372078145278,161
P010,2023-07-10,4,18.601700289634103,9.798221987881421,0.13081247487388506,180
P006,2023-02-14,5,12.029429937707778,8.30075474840702,0.18694421020078705,191
P001,2023-11-10,4,15.017463862329521,6.7338293993169005,0.2521660070253792,150
P005,2023-10-19,3,14.716511781507894,6.879684598155581,0.2047934646879394,108
P009,2023-03-09,3,91.7034271999664,48.26518803847812,0.0625082367224572,154
P012,2023-04-18,4,74.91321171404422,47.76088120110554,0.1385311099188837,112
P014,2023-10-17,3,70.93957295766504,46.69275283071679,0.2731039038925966,16
P002,2023-03-09,7,57.03155382356286,31.854544871370898,0.09802231874321136,175
P017,2023-12-01,7,80.37573552749367,34.652845884635376,0.14961910952757942,148
P014,2023-06-04,6,24.00831934854317,13.19146375826685,0.287569600393109,177
P013,2023-02-01,5,45.27470708095937,30.58338184515598,0.2204124016721093,167
P009,2023-10-25,4,54.10038256879091,36.16059748714531,0.2243221156925076,125
P015,2023-05-17,4,19.936854790905365,9.252266967602461,0.07570020132396828,2
P015,2023-07-12,7,47.756233840376524,19.251186777899147,0.12440943549153843,16
P011,2023-02-10,6,38.48516013363583,26.985511301184392,0.024702648929016514,188
P016,2023-01-01,3,13.202393121411637,5.842682987853339,0.1819577601151601,49
P017,2023-08-21,4,22.30618624563117,9.657232635226727,0.03111904936274825,121
P004,2023-07-08,4,78.76331408507247,31.59042834999743,0.25077287466178644,89
P001,2023-08-05,4,11.623411855418,6.660686094486119,0.24436613610599903,86
P008,2023-10-17,7,94.0827969186725,56.5725089214491,0.16008153033669284,5
P017,2023-08-25,6,17.778216920251367,11.645898661970477,0.042349809959108906,155
P003,2023-03-05,7,81.93142847831123,42.47534474746744,0.007673694958550447,199
P020,2023-05-12,3,90.87548868491237,62.17427278416051,0.2390126002627717,54
P015,2023-11-27,5,94.70220263654024,44.29532100380567,0.18004214496402804,185
P015,2023-10-09,5,88.07293211463752,64.53949423291154,0.213278891024365,172
P014,2023-07-23,4,35.87950354828989,22.55885507751931,0.09114213772091027,199
P014,2023-04-04,5,39.97784182046293,25.32819872792349,0.15284482135317434,146
P002,2023-04-21,2,48.389112874906836,23.415983620257755,0.2241522511618951,101
P013,2023-09-25,6,22.536702046639075,9.6827475394684,0.13876899249413985,28
P014,2023-11-07,2,12.004520956050147,7.033327837371338,0.1804152668306193,150
P019,2023-09-03,3,88.22094528529311,57.01232544512322,0.23691847854238868,110
P007,2023-10-23,3,59.87158445894107,26.224866614490974,0.06456619357991365,159
P003,2023-10-07,5,64.78506479603948,50.546200927686435,0.01977866680724469,9
P015,2023-02-24,0,93.42896273360158,74.01122378371214,0.15954705324324153,90
P014,2023-06-04,9,69.86081603022541,43.18674635179799,0.018637731216028717,176
P011,2023-02-25,4,72.17681539058322,56.29991256761568,0.22996718831002597,192
P015,2023-03-27,2,80.8271783593068,38.13249223319304,0.21576343429013659,28
P013,2023-11-14,5,20.47136048716634,8.396702598922865,0.2645138014395891,186
P018,2023-06-22,3,42.41459378924124,17.63445328800236,0.19186862941018817,44
P006,2023-07-15,2,97.13871349330296,61.68356796243236,0.020159271225712126,194
P003,2023-03-07,5,93.0637070290546,39.52013168397531,0.07594563764688522,50
P019,2023-04-24,5,89.56677666791663,70.16824678413691,0.24237955336881578,100
P015,2023-03-26,3,50.687965930507524,23.152908672754986,0.05013972519407632,127
P005,2023-03-17,4,87.14736582281252,45.48126227058616,0.2095441403444662,10
P010,2023-08-21,2,14.355629375118905,10.465356038017852,0.23407779927614336,81
P007,2023-04-04,9,23.366568183140572,11.391111542941825,0.09903353935657234,127
P017,2023-08-19,13,47.25709286356487,23.495630347067888,0.09668924202087255,5
P007,2023-01-22,4,53.505286001391376,35.14888415289794,0.16734080436274407,66
P012,2023-02-21,3,33.71564381687712,17.209625615670365,0.2583858998264291,61
P017,2023-04-11,9,42.08290037630087,20.493490998123704,0.06717186057404416,132
P013,2023-08-06,2,24.64984909228319,12.366116557015648,0.2823774588127208,136
P020,2023-09-04,4,54.022062854431645,32.21114116127445,0.17973560544603245,27
P004,2023-06-11,7,81.44589635810752,64.05230658567066,0.29763794140568284,37
P010,2023-06-12,3,69.52243542951751,50.952657593481035,0.02688411719859679,42
P003,2023-09-22,4,19.701302262898714,10.123398044848935,0.03796864095202772,116
P009,2023-01-06,7,53.88234430570445,29.384697854986996,0.2479925411140448,148
P013,2023-05-05,3,72.78817445017523,42.63966926964381,0.2594267686811548,189
P018,2023-10-26,8,57.69057668985471,45.66623702602432,0.13363760651128018,45
P015,2023-08-09,6,45.250803688199404,21.220644371430254,0.21422135284270047,197
P004,2023-05-04,6,65.97229791554903,35.82251188755624,0.2602671862336615,165
P015,2023-11-27,8,97.1774798770248,67.22450777872275,0.012938336465648603,48
P002,2023-10-10,3,18.54171187894702,14.565951546911215,0.17218512689797758,38
P015,2023-04-07,6,45.10144546728046,20.84904903454961,0.25604419995794686,70
P008,2023-08-24,5,46.594526774148605,22.875675255104696,0.11944648337543248,126
P008,2023-08-06,8,61.92705794215339,30.361466048146003,0.09071508183372806,157
P017,2023-05-27,10,23.69571416937261,9.676685422880666,0.23871200552845126,148
P012,2023-05-14,2,25.897872688342257,16.61727289325488,0.10073597505085086,0
P019,2023-05-06,4,35.68252473980692,23.845961510432936,0.000952289455350963,159
P010,2023-08-14,6,96.02830389416675,61.555137270087165,0.2878717762887197,135
P009,2023-06-11,4,76.06977231078123,32.598118350375316,0.17763697090530553,68
P005,2023-10-31,6,69.55239715223529,29.74700734119786,0.24585537561302134,29
P006,2023-09-02,4,83.5261918654836,40.43959183283113,0.24759046870281437,114
P020,2023-01-26,7,21.481882202502366,11.087181917111572,0.019923126111819844,7
P002,2023-08-22,5,87.33995377513764,62.41465612977959,0.051258059815939436,112
P013,2023-04-09,1,63.534944249875366,29.464718359282358,0.09333620422789421,18
P006,2023-08-05,4,40.17961067130419,16.78048750391677,0.09620978551239685,58
P005,2023-09-06,12,83.42697301711213,46.51846327686739,0.19763583530427387,182
P001,2023-03-26,10,82.23080809137616,46.58842909002723,0.18693987622580543,157
P006,2023-06-16,4,86.11377235450544,49.97724169131402,0.1483769334029441,78
P006,2023-03-11,3,20.396611009628394,14.90505637585184,0.06337911969263038,35
P016,2023-01-20,6,97.24251204961985,42.70912191445416,0.11459504090709101,54
P004,2023-05-19,6,96.3663538410758,65.68107425574973,0.16307819053955083,43
P011,2023-05-13,5,42.17226809515674,22.569679727539835,0.14039560983118257,154
P009,2023-12-30,2,15.930461639072767,8.347435324573027,0.03818775992852351,76
P003,2023-06-12,9,25.035010252190713,19.35249478974528,0.19485314805057713,77
P019,2023-05-02,6,99.35477429002273,49.616523380649255,0.021915533043198165,100
P008,2023-07-31,4,60.67116488544968,39.86172792458999,0.11345840492432407,181
P005,2023-02-02,6,42.09596189434468,21.471091793970068,0.21300880430256872,175
P004,2023-12-18,8,35.938242446503494,21.665640902437907,0.0060070603559119525,29
P006,2023-08-20,2,33.12925617798528,23.671421939094575,0.17099484571359483,38
P002,2023-10-03,2,69.77374885490339,52.51793390817544,0.10035629224298918,12
P020,2023-03-04,6,47.74490483677174,35.1153699046088,0.002649553026820339,121
P011,2023-05-30,6,96.88696294317504,61.31707454090045,0.057114981318291555,143
P004,2023-06-04,4,71.54587275808254,35.73906127816237,0.2822838579811963,171
P015,2023-10-27,9,81.28401319440651,54.01268649761843,0.15634467165152713,198
P006,2023-01-01,3,36.34673937248439,24.859789220258964,0.29916816138873953,111
P017,2023-04-20,5,17.126776819776325,6.923958459283807,0.15744502510942235,154
P006,2023-12-25,8,53.90405536436929,31.031713224901598,0.16318092368708045,44
P019,2023-06-23,5,38.312339189160454,28.247872239636894,0.11755290387985572,118
P002,2023-05-20,5,28.18748485071313,16.795091121164432,0.09301212561942429,34
P015,2023-02-13,7,95.73779177207753,50.21927560673925,0.07546366593988343,155
P011,2023-12-22,4,49.95893929078272,37.40521248289742,0.10302618483920216,6
P008,2023-01-08,6,25.72377328439071,11.893445202824047,0.13795532427012963,189
P019,2023-09-27,5,27.87855874130252,13.453581712031767,0.05759758506923702,109
P013,2023-10-08,6,35.26387682181346,23.801316520067054,0.06746252754170876,113
P012,2023-03-30,5,99.93846413707415,54.0641483359775,0.08146343060053174,50
P005,2023-09-03,5,34.12103504676376,23.379962995107448,0.13477796757925173,45
P006,2023-02-03,4,39.59216241206083,18.334395919174707,0.1958440100442729,19
P004,2023-04-04,4,69.33953151856014,34.732700803238586,0.25684384508588615,95
P019,2023-10-15,5,36.456523876926845,16.866937106599458,0.08613955115614298,37
P020,2023-11-12,3,29.422382595372405,22.98370976804571,0.05511850210243121,188
P001,2023-08-11,5,24.27734679846388,13.647791739805056,0.11365423945516649,103
P020,2023-07-04,7,38.14143985250129,20.401397105363234,0.26831492291155673,31
P017,2023-02-28,3,19.532412066589615,7.923925773260421,0.0029582185011418406,153
P012,2023-01-24,0,11.67819277733046,5.387933138048884,0.2033605848173236,57
P015,2023-02-12,5,82.41775276012095,46.85072945533485,0.14314801392347445,166
P001,2023-03-24,4,22.41054481731189,9.578291888142138,0.04831386448820402,147
P014,2023-05-05,1,79.8379164833718,48.24571216690499,0.09630645788234,81
P006,2023-05-20,5,81.77882310879937,47.595780065102495,0.06748501316311016,49
P005,2023-05-07,5,58.41275736963188,41.29006552531129,0.26334965036703667,51
P011,2023-03-29,3,37.87137624816563,25.143605040981242,0.14456201518349707,85
P004,2023-07-06,1,23.05294603748996,13.333338081043685,0.16892828336174784,114
P013,2023-10-29,5,76.31245960488992,37.38274808258579,0.17810628580110618,149
P011,2023-04-13,11,64.12482873836075,44.2939321701627,0.1918851373807068,52
P003,2023-12-10,5,68.99081108442077,47.13071669506019,0.148666707112779,65
P001,2023-11-15,5,10.780218086061794,4.973113651269442,0.005362059250894746,116
P006,2023-03-01,7,93.47653141370421,71.59374388787373,0.10041680607439557,42
P018,2023-10-14,4,15.966116870189522,6.797766591809527,0.05516197221629736,81
P010,2023-07-29,1,43.012529662600514,18.151936299564017,0.20404285287350307,150
P005,2023-07-26,5,46.24404846865302,21.963156105462673,0.017011395411013996,63
P010,2023-05-23,7,10.121997204815397,7.731022744221696,0.16914101733349327,136
P012,2023-07-02,3,54.73803784157174,33.28068593306044,0.06318951668229028,112
P002,2023-05-25,3,77.7528095059909,55.606971925218396,0.28465375154011835,134
P013,2023-07-17,9,84.0941787803295,41.30178582892599,0.10066228265596065,168
P008,2023-08-18,1,89.14572939752959,53.138769957893835,0.09756635741239027,53
P002,2023-09-04,6,53.894698148383256,29.281840256055414,0.2770154003972171,64
P020,2023-07-14,6,66.75725714766854,48.808329737513056,0.1252043760912424,1
P001,2023-09-21,5,17.15677419668489,7.017837383445519,0.28885870025572263,131
P005,2023-02-21,4,53.92344018535749,26.82891161972762,0.007251105640051048,77
P009,2023-03-19,7,23.933417938456174,11.034016246128305,0.09190337256064389,31
P017,2023-10-26,7,43.26788058602693,32.17726772570203,0.19985788807992935,99
P009,2023-04-28,6,39.63747815781394,23.267894915148332,0.26725708935829157,129
P011,2023-01-09,5,48.118651951735735,27.0276702222995,0.07692167790248518,103
P015,2023-02-26,3,61.447295617671934,35.62671831021788,0.27914327758910046,191
P006,2023-03-23,5,91.25889823566963,71.98226476038519,0.17823643994975644,141
P003,2023-12-16,3,45.50361682127548,33.677543411504686,0.2403024729593748,147
P017,2023-07-29,1,98.30180761403956,67.09565389161357,0.11916219129206916,88
P005,2023-12-07,2,78.31252432460826,40.42426595382651,0.063654114770062,48
P012,2023-07-29,6,56.033294210954494,26.11539259547101,0.27337062463430795,135
P018,2023-06-24,4,67.96237934007496,52.234080469014714,0.27994076052186556,190
P014,2023-04-25,9,19.200175401875004,10.929319859122979,0.14927254324624065,173
P011,2023-08-10,4,86.00693781822893,43.99274821183921,0.001948504799776951,148
P009,2023-02-20,6,62.41217095575693,36.72134483230429,0.03293488610112134,86
P002,2023-11-24,8,98.74607321886415,75.75196081457138,0.17190838806951653,159
P012,2023-10-30,5,67.27858693775642,37.32797153300654,0.007133010690565866,7
P003,2023-04-26,3,85.07004249396925,53.173574415485724,0.11907357719600858,100
P003,2023-12-14,4,81.97864685157158,59.121895073545396,0.09101098367160378,15
P001,2023-10-29,3,41.091503632144196,23.457208633250442,0.2143044826206614,39
P008,2023-09-01,6,33.36495627098905,16.462827311884126,0.016673601884380582,105
P008,2023-02-14,6,48.7444225088359,38.88880231357389,0.14661938069318622,26
P011,2023-06-24,9,52.05172099679534,40.73715215302418,0.1737342809626816,103
P009,2023-07-04,5,31.60762317429795,23.307197962954852,0.1851873228157853,104
P005,2023-03-26,5,90.51380860158747,61.12846006666285,0.12154730160508226,145
P014,2023-01-30,3,58.82930760705814,30.4704193374075,0.09131033502886528,34
P003,2023-10-11,8,98.05999529382126,75.05170548460069,0.20474791012114463,112
P005,2023-02-14,6,82.9016000241637,42.298275549817696,0.2542707144307485,51
P005,2023-08-05,5,60.01343743527514,43.22910717665501,0.20808529133486361,142
P019,2023-12-08,1,95.23362503299232,73.07307163287888,0.27963070963716646,190
P014,2023-11-16,3,55.438733358577636,35.54740099294792,0.21517905760737813,52
P004,2023-04-12,2,89.83958612668035,64.79432975139244,0.22938562020408548,90
P013,2023-11-07,7,42.23303030762249,30.267485370642422,0.05037095898062666,80
P010,2023-01-01,2,44.07781450636847,21.036714412298522,0.12586189335801354,103
P018,2023-01-07,2,47.631761467383804,31.77847226877616,0.14551659928678956,65
P008,2023-08-08,8,59.19630813489215,25.8917059714481,0.0768879486883823,112
P008,2023-05-14,3,59.81412431789416,36.07629436575193,0.15856195810688636,30
P007,2023-05-22,6,54.67590295093758,25.418511214505582,0.08723758326655424,60
P008,2023-07-26,6,37.540087622485075,21.267953715552345,0.20625062784132478,191
P014,2023-03-12,2,93.44858183117479,68.5158301610134,0.14108654301095275,100
P019,2023-03-19,5,62.97274876143288,50.054968444732886,0.13764208628071067,104
P006,2023-06-26,2,46.69652945724354,24.617660041022834,0.2950927593098435,97
P001,2023-10-03,2,68.60592646692564,42.040496008522524,0.11773345456277112,33
P015,2023-08-15,5,79.11700820288246,47.827751276448005,0.1086886297768705,182
P001,2023-04-19,4,96.46552794054188,75.41294938145838,0.09558131138479632,58
P017,2023-06-07,3,54.959424604082436,32.50484446538473,0.2684247662927394,2
P001,2023-03-04,5,20.088865931568293,13.653246705508108,0.14901714782945347,16
P015,2023-01-28,8,49.66892212928872,38.18127990726915,0.18000434324419065,77
P002,2023-10-13,7,53.107350530812425,29.174598629130088,0.0542455437007185,45
P014,2023-04-07,5,90.72946703671064,69.03141476587167,0.16228270800147807,165
P008,2023-03-06,6,45.53206916166578,34.922299723843196,0.08239445786054649,34
P008,2023-09-10,3,95.79918383984246,73.9823568600951,0.21919107637886323,128
P019,2023-08-14,5,53.66187169429013,27.269808079707204,0.24975850463771462,111
P007,2023-08-20,8,97.6402450881036,54.69242537400629,0.21444320763938327,156
P019,2023-03-25,5,10.737848901786597,8.033611459619,0.2190732498810772,131
P006,2023-03-26,6,90.8933837325712,49.41552689959264,0.1537424112358551,60
P006,2023-03-22,5,93.80084067490156,60.04203191268949,0.21363541690024057,96
P003,2023-03-05,5,96.4918842188692,43.15327442596872,0.12680608065244808,144
P007,2023-08-28,7,11.176888075715336,4.722346927718754,0.1954467460588839,155
P019,2023-11-06,5,25.45307528952781,14.375835729162004,0.0777117630361544,177
P008,2023-09-22,4,68.83880527839125,43.47629109519311,0.020927103693603042,89
P010,2023-10-17,7,12.292542256159642,6.847925080432342,0.12404197923659055,135
P020,2023-05-28,6,15.724809655885066,9.923837869224188,0.138533446734147,161
P015,2023-08-27,9,29.897098632409772,18.11865081233236,0.07692214745660698,58
P015,2023-05-10,4,56.11957918694958,37.84047213597332,0.21831285552217128,17
P001,2023-07-11,1,59.13123033401268,39.01555284990058,0.02206514369288376,94
P020,2023-06-25,8,13.083501051415391,7.453648062150858,0.06682449731375657,186
P007,2023-03-06,5,25.333052570337802,14.439791735215023,0.22456941553608803,154
P004,2023-05-22,6,54.97351060011898,25.085036066819427,0.1311372821220037,15
P006,2023-12-18,5,63.45465588490647,38.408813145659224,0.21158508721179373,9
P001,2023-04-01,6,23.356152683759383,14.828159221285372,0.17024576333507888,103
P005,2023-02-18,8,45.895727075227356,27.10582176416725,0.2852138249992087,75
P001,2023-06-02,2,91.3961292865257,48.46580759748273,0.17933874981684989,149
P004,2023-10-16,4,99.90093583415549,68.79772029930395,0.004460692303655911,15
P002,2023-08-01,1,98.84930093480271,42.491820925850305,0.1058632051513002,11
P010,2023-09-06,6,89.35070592581852,68.42263939616366,0.04291820466141231,74
P005,2023-03-11,8,45.51940791549512,18.58363402438358,0.27739010327931096,178
P010,2023-08-14,7,71.79168628673057,56.352170065809894,0.031203736285524097,128
P001,2023-04-29,6,47.49330050057788,27.78083759755723,0.11631199893932624,26
P006,2023-11-01,4,68.36743241417825,38.63224676808123,0.06782975808800765,194
P013,2023-08-18,3,37.848922387253495,19.022020840357275,0.25401659711901997,11
P015,2023-03-14,6,64.55820282492988,26.083350876043855,0.09256994927667508,29
P004,2023-01-24,6,57.13826468975649,29.135721420982986,0.2975680449427935,8
P013,2023-01-16,3,12.203223923187995,5.415302284304211,0.011584981683675265,52
P020,2023-05-16,1,81.16326133715023,53.88658913134917,0.038483031738769755,188
P015,2023-04-08,8,11.070804902064005,5.841288667903295,0.06739163292873274,53
P008,2023-08-24,2,36.38403480279716,25.718845674969014,0.2433318120600478,164
P005,2023-07-02,5,10.533165890860213,5.0850593670724695,0.2635551627192047,192
P015,2023-04-08,4,43.858127196567835,33.33629683224376,0.021435414182826705,169
P004,2023-02-24,6,15.684447534772538,9.55484946804233,0.009738042528682921,48
P012,2023-02-16,4,92.21598701481172,41.110115576604315,0.22336705713137378,3
P013,2023-11-12,5,47.41113656465817,26.56626590940714,0.04000560202608404,191
P002,2023-03-30,5,51.35461973779691,24.78909113127485,0.039899576122391756,78
P019,2023-08-26,6,41.48652124817694,19.90830996954175,0.006709960348328781,178
P019,2023-10-23,3,66.47555387815896,40.05470506229104,0.014942363275026559,90
P004,2023-08-13,5,80.59673049563834,53.89961208082171,0.07910263757864673,199
P004,2023-11-10,5,68.333206874408,52.25080092062015,0.019501646823241892,187
P011,2023-05-24,4,77.33864065556148,46.47006718275435,0.11066372749778267,78
P005,2023-12-16,4,91.53762971583345,71.97928874892682,0.24983250936820472,158
P020,2023-02-18,4,87.71918785042858,68.12745293038519,0.09789607719647779,102
P011,2023-02-07,4,70.66526074783262,52.71805199694289,0.21835024877381148,110
P010,2023-08-29,6,29.317416661398575,17.59018338381131,0.028172989449309026,199
P008,2023-12-11,6,67.3932565937736,30.755692890325005,0.19781255622584784,57
P006,2023-10-23,6,55.54747861664598,27.060608997675065,0.0950241549772305,81
P006,2023-01-28,7,74.5497307909378,49.13334205379262,0.22492586360911143,131
P008,2023-04-12,5,84.96384835536234,48.31910981733905,0.04087560421691456,21
P015,2023-12-06,8,76.84493474677757,35.25035862385356,0.26936501332934454,130
P014,2023-04-03,4,86.19050529651568,50.99009378834142,0.07277316086938097,78
P011,2023-10-13,5,15.747973600692147,6.4089877484416125,0.10594133798435293,98
P012,2023-10-29,1,12.845803441371757,8.909311648992222,0.28505421324541247,174
P013,2023-06-30,7,33.26505109296346,14.285094645459768,0.17354470791925766,37
P008,2023-05-22,5,91.05994756977655,59.338800325762584,0.10973145568890659,160
P018,2023-06-14,9,84.12933258855765,60.337904201978446,0.2848806441100895,175
P001,2023-03-24,5,71.44545680157805,32.368903601549114,0.0987232250670096,192
P015,2023-11-21,8,73.06828006957443,44.3857268696304,0.02846121380255393,116
P008,2023-06-14,9,75.40034223323913,53.65691977549684,0.29905466635782596,25
P011,2023-11-19,5,94.83424304362723,47.820487774941164,0.08035347616767415,135
P012,2023-02-08,9,84.89720370768018,39.491346756439945,0.2553773546098822,49
P012,2023-12-27,5,66.10513483243427,35.34824303083147,0.049662238446926174,37
P004,2023-06-11,6,69.91438917314264,43.47833731152414,0.21940619153321342,137
P016,2023-01-18,3,29.236623585500976,18.422342622675522,0.1573348183416756,41
P004,2023-01-14,5,69.15869426406452,31.283972238426585,0.2942719674870389,36
P005,2023-09-30,5,48.221111117661266,28.114235746131232,0.16584910682771983,153
P005,2023-08-29,8,23.766568354516934,12.057086197242421,0.007504545567256237,139
P008,2023-10-20,7,82.57625373219169,60.84298368470935,0.18116339688722635,48
P010,2023-02-08,8,55.922238982283105,29.38322498258753,0.04359493690098781,141
P017,2023-01-13,12,97.96825375204794,72.05386857382872,0.23956227458462614,45
P009,2023-07-05,2,35.35114190270725,20.200556134908787,0.2569704589469697,162
P019,2023-05-22,6,53.2603101074569,36.78339732601515,0.14462805563841427,28
P014,2023-06-18,4,50.31959092019813,30.394245186080887,0.23496643711568957,11
P008,2023-12-28,7,20.870157018932083,13.54024585778104,0.04353322064448154,115
P009,2023-12-21,4,48.35037509477015,26.986404276431042,0.14762345596069382,81
P011,2023-12-10,4,35.87981107788324,25.377169910226932,0.11818327940717538,43
P001,2023-10-14,3,24.428842423024093,13.926290749715097,0.1833952161159244,193
P014,2023-05-10,6,35.394002563252535,20.634160502040338,0.013343156640947994,1
P005,2023-05-31,6,30.99265221397528,18.814754854820492,0.2256368514745882,186
P014,2023-07-20,4,76.06661779052902,55.73626602909576,0.023738786842405102,16
P004,2023-10-31,7,12.76976604332441,8.47595227818521,0.19694145525904946,137
P001,2023-01-26,6,65.57164731218992,35.38666761418687,0.005537167661983267,17
P019,2023-06-04,6,78.45952078212459,52.42099121406624,0.24956641912701885,21
P008,2023-01-31,6,53.26511108220759,34.99361354226856,0.052409889067134396,82
P015,2023-07-07,2,93.84084820071266,72.48339469619097,0.15464924279309714,57
P015,2023-11-25,4,73.70926257128818,54.291779034431286,0.0784478711182858,52
P009,2023-10-13,2,77.31312861802755,50.94771036294163,0.21679416061832055,0
P009,2023-03-25,4,27.724013869678323,14.876784697150608,0.09640533005691637,60
P010,2023-12-23,4,79.95660182551661,56.91555421586695,0.21738275807649515,158
P020,2023-09-01,3,84.88852624748034,53.48684421236412,0.08546136205064295,30
P009,2023-01-04,5,42.51397495653906,33.760687422436135,0.22574192728072798,65
P003,2023-04-04,6,29.20267612296741,14.572206973616373,0.00918164890107127,146
P020,2023-04-06,4,44.654561128325504,19.28462309856079,0.08499340061215453,52
P011,2023-01-26,4,76.56471721001235,32.76638560900338,0.14959005193208366,94
P006,2023-12-17,2,47.587510528183245,31.21798534889042,0.013517874575917643,149
P002,2023-06-24,9,76.29866877023092,59.18518954600103,0.055810218411383596,22
